{"cameraMode":{"drawMode":0,"name":"Shaded","section":"Shading Mode"},"sceneLighting":false,"audioPlay":false,"sceneViewState":{"m_AlwaysRefresh":false,"showFog":true,"showSkybox":true,"showFlares":true,"showImageEffects":true,"showParticleSystems":true,"showVisualEffectGraphs":true,"m_FxEnabled":true},"in2DMode":false,"pivot":{"x":1.7686328887939454,"y":-4.266841411590576,"z":9.397811889648438},"rotation":{"x":0.23589719831943513,"y":0.025650719180703164,"z":-0.006244512740522623,"w":0.9714522957801819},"size":8.305462837219239,"orthographic":false}